Geographic Cluster Name,Month,Count
ALBANY PARK,2020-07,8
ALBANY PARK,2020-09,2
ALBANY PARK,2020-11,4
ALBANY PARK,2020-12,1
ALBANY PARK,2021-01,2
ALBANY PARK,2021-04,7
ALBANY PARK,2021-06,13
ALBANY PARK,2021-07,2
ALBANY PARK,2021-08,11
ALBANY PARK,2021-09,34
ALBANY PARK,2021-10,2
ALBANY PARK,2021-11,1
ALBANY PARK,2021-12,1
ALBANY PARK,2022-01,40
ALBANY PARK,2022-04,40
ALBANY PARK,2022-05,1
ALBANY PARK,2022-06,6
ALBANY PARK,2022-07,35
ALBANY PARK,2022-08,18
ALBANY PARK,2022-09,49
ALBANY PARK,2022-10,18
ALBANY PARK,2022-11,12
ALBANY PARK,2022-12,15
ALBANY PARK,2023-01,34
ALBANY PARK,2023-02,6
ALBANY PARK,2023-03,20
ALBANY PARK,2023-04,57
ARCHER HEIGHTS,2020-07,12
ARCHER HEIGHTS,2020-09,5
ARCHER HEIGHTS,2020-11,6
ARCHER HEIGHTS,2021-01,6
ARCHER HEIGHTS,2021-04,13
ARCHER HEIGHTS,2021-06,6
ARCHER HEIGHTS,2021-08,3
ARCHER HEIGHTS,2021-09,18
ARCHER HEIGHTS,2021-10,1
ARCHER HEIGHTS,2021-12,3
ARCHER HEIGHTS,2022-01,21
ARCHER HEIGHTS,2022-04,21
ARCHER HEIGHTS,2022-06,9
ARCHER HEIGHTS,2022-07,20
ARCHER HEIGHTS,2022-08,16
ARCHER HEIGHTS,2022-09,21
ARCHER HEIGHTS,2022-10,2
ARCHER HEIGHTS,2022-11,2
ARCHER HEIGHTS,2022-12,3
ARCHER HEIGHTS,2023-01,36
ARCHER HEIGHTS,2023-02,5
ARCHER HEIGHTS,2023-03,14
ARCHER HEIGHTS,2023-04,34
ARMOUR SQUARE,2020-07,24
ARMOUR SQUARE,2020-08,40
ARMOUR SQUARE,2020-09,3
ARMOUR SQUARE,2020-11,5
ARMOUR SQUARE,2021-01,10
ARMOUR SQUARE,2021-03,1
ARMOUR SQUARE,2021-04,6
ARMOUR SQUARE,2021-06,14
ARMOUR SQUARE,2021-07,3
ARMOUR SQUARE,2021-08,17
ARMOUR SQUARE,2021-09,32
ARMOUR SQUARE,2022-01,38
ARMOUR SQUARE,2022-04,37
ARMOUR SQUARE,2022-05,1
ARMOUR SQUARE,2022-06,7
ARMOUR SQUARE,2022-07,23
ARMOUR SQUARE,2022-08,20
ARMOUR SQUARE,2022-09,39
ARMOUR SQUARE,2022-10,8
ARMOUR SQUARE,2022-11,3
ARMOUR SQUARE,2022-12,7
ARMOUR SQUARE,2023-01,49
ARMOUR SQUARE,2023-02,9
ARMOUR SQUARE,2023-03,7
ARMOUR SQUARE,2023-04,47
ASHBURN,2020-07,24
ASHBURN,2020-08,40
ASHBURN,2020-09,22
ASHBURN,2020-10,1
ASHBURN,2020-11,37
ASHBURN,2021-01,30
ASHBURN,2021-03,2
ASHBURN,2021-04,32
ASHBURN,2021-05,1
ASHBURN,2021-06,19
ASHBURN,2021-07,3
ASHBURN,2021-08,25
ASHBURN,2021-09,92
ASHBURN,2021-10,1
ASHBURN,2021-11,4
ASHBURN,2021-12,15
ASHBURN,2022-01,109
ASHBURN,2022-02,18
ASHBURN,2022-03,15
ASHBURN,2022-04,97
ASHBURN,2022-05,5
ASHBURN,2022-06,43
ASHBURN,2022-07,53
ASHBURN,2022-08,39
ASHBURN,2022-09,92
ASHBURN,2022-10,20
ASHBURN,2022-11,16
ASHBURN,2022-12,18
ASHBURN,2023-01,87
ASHBURN,2023-02,6
ASHBURN,2023-03,9
ASHBURN,2023-04,114
AUBURN GRESHAM,2020-07,16
AUBURN GRESHAM,2020-08,6
AUBURN GRESHAM,2020-09,18
AUBURN GRESHAM,2020-11,17
AUBURN GRESHAM,2021-01,37
AUBURN GRESHAM,2021-03,4
AUBURN GRESHAM,2021-04,28
AUBURN GRESHAM,2021-05,1
AUBURN GRESHAM,2021-06,10
AUBURN GRESHAM,2021-07,8
AUBURN GRESHAM,2021-08,20
AUBURN GRESHAM,2021-09,37
AUBURN GRESHAM,2021-10,8
AUBURN GRESHAM,2021-11,10
AUBURN GRESHAM,2021-12,9
AUBURN GRESHAM,2022-01,52
AUBURN GRESHAM,2022-02,11
AUBURN GRESHAM,2022-03,9
AUBURN GRESHAM,2022-04,82
AUBURN GRESHAM,2022-05,3
AUBURN GRESHAM,2022-06,41
AUBURN GRESHAM,2022-07,42
AUBURN GRESHAM,2022-08,39
AUBURN GRESHAM,2022-09,71
AUBURN GRESHAM,2022-10,44
AUBURN GRESHAM,2022-11,30
AUBURN GRESHAM,2022-12,19
AUBURN GRESHAM,2023-01,58
AUBURN GRESHAM,2023-02,21
AUBURN GRESHAM,2023-03,17
AUBURN GRESHAM,2023-04,57
AUSTIN,2020-07,84
AUSTIN,2020-08,120
AUSTIN,2020-09,49
AUSTIN,2020-10,21
AUSTIN,2020-11,59
AUSTIN,2020-12,14
AUSTIN,2021-01,68
AUSTIN,2021-03,10
AUSTIN,2021-04,69
AUSTIN,2021-05,29
AUSTIN,2021-06,49
AUSTIN,2021-07,43
AUSTIN,2021-08,52
AUSTIN,2021-09,63
AUSTIN,2021-10,14
AUSTIN,2021-11,10
AUSTIN,2021-12,20
AUSTIN,2022-01,113
AUSTIN,2022-02,19
AUSTIN,2022-03,9
AUSTIN,2022-04,126
AUSTIN,2022-05,14
AUSTIN,2022-06,47
AUSTIN,2022-07,102
AUSTIN,2022-08,89
AUSTIN,2022-09,128
AUSTIN,2022-10,31
AUSTIN,2022-11,25
AUSTIN,2022-12,29
AUSTIN,2023-01,137
AUSTIN,2023-02,27
AUSTIN,2023-03,41
AUSTIN,2023-04,164
AUSTIN,2023-05,2
AVALON PARK,2020-07,16
AVALON PARK,2020-09,1
AVALON PARK,2020-11,2
AVALON PARK,2020-12,1
AVALON PARK,2021-01,4
AVALON PARK,2021-04,10
AVALON PARK,2021-06,10
AVALON PARK,2021-07,3
AVALON PARK,2021-08,2
AVALON PARK,2021-09,10
AVALON PARK,2021-10,1
AVALON PARK,2021-11,2
AVALON PARK,2021-12,4
AVALON PARK,2022-01,8
AVALON PARK,2022-02,17
AVALON PARK,2022-03,17
AVALON PARK,2022-04,10
AVALON PARK,2022-05,3
AVALON PARK,2022-06,17
AVALON PARK,2022-07,27
AVALON PARK,2022-08,16
AVALON PARK,2022-09,20
AVALON PARK,2022-10,16
AVALON PARK,2022-11,11
AVALON PARK,2022-12,7
AVALON PARK,2023-01,10
AVALON PARK,2023-02,9
AVALON PARK,2023-03,19
AVALON PARK,2023-04,16
AVALON PARK,2023-05,2
AVONDALE,2020-07,16
AVONDALE,2020-09,202
AVONDALE,2020-10,18
AVONDALE,2020-11,412
AVONDALE,2020-12,6
AVONDALE,2021-01,20
AVONDALE,2021-03,88
AVONDALE,2021-04,371
AVONDALE,2021-05,168
AVONDALE,2021-06,12
AVONDALE,2021-07,3
AVONDALE,2021-08,6
AVONDALE,2021-09,33
AVONDALE,2021-11,2
AVONDALE,2022-01,44
AVONDALE,2022-04,41
AVONDALE,2022-06,1
AVONDALE,2022-07,10
AVONDALE,2022-08,2
AVONDALE,2022-09,41
AVONDALE,2022-10,1
AVONDALE,2023-01,51
AVONDALE,2023-03,1
AVONDALE,2023-04,53
BELMONT CRAGIN,2020-07,24
BELMONT CRAGIN,2020-08,48
BELMONT CRAGIN,2020-09,18
BELMONT CRAGIN,2020-11,55
BELMONT CRAGIN,2020-12,9
BELMONT CRAGIN,2021-01,42
BELMONT CRAGIN,2021-02,1
BELMONT CRAGIN,2021-04,46
BELMONT CRAGIN,2021-06,11
BELMONT CRAGIN,2021-07,1
BELMONT CRAGIN,2021-08,4
BELMONT CRAGIN,2021-09,62
BELMONT CRAGIN,2021-11,10
BELMONT CRAGIN,2021-12,3
BELMONT CRAGIN,2022-01,79
BELMONT CRAGIN,2022-02,5
BELMONT CRAGIN,2022-04,64
BELMONT CRAGIN,2022-05,3
BELMONT CRAGIN,2022-06,10
BELMONT CRAGIN,2022-07,46
BELMONT CRAGIN,2022-08,16
BELMONT CRAGIN,2022-09,73
BELMONT CRAGIN,2022-10,14
BELMONT CRAGIN,2022-11,23
BELMONT CRAGIN,2022-12,12
BELMONT CRAGIN,2023-01,70
BELMONT CRAGIN,2023-02,13
BELMONT CRAGIN,2023-03,11
BELMONT CRAGIN,2023-04,49
BELMONT CRAGIN,2023-05,3
BEVERLY,2020-07,24
BEVERLY,2020-08,16
BEVERLY,2020-09,19
BEVERLY,2020-10,1
BEVERLY,2020-11,27
BEVERLY,2020-12,1
BEVERLY,2021-01,21
BEVERLY,2021-03,4
BEVERLY,2021-04,29
BEVERLY,2021-06,15
BEVERLY,2021-07,3
BEVERLY,2021-08,8
BEVERLY,2021-09,90
BEVERLY,2021-10,5
BEVERLY,2021-11,6
BEVERLY,2021-12,22
BEVERLY,2022-01,125
BEVERLY,2022-02,17
BEVERLY,2022-03,1
BEVERLY,2022-04,92
BEVERLY,2022-05,3
BEVERLY,2022-06,10
BEVERLY,2022-07,59
BEVERLY,2022-08,20
BEVERLY,2022-09,109
BEVERLY,2022-10,32
BEVERLY,2022-11,25
BEVERLY,2022-12,8
BEVERLY,2023-01,101
BEVERLY,2023-02,15
BEVERLY,2023-03,22
BEVERLY,2023-04,99
BRIDGEPORT,2020-07,16
BRIDGEPORT,2020-08,32
BRIDGEPORT,2020-09,8
BRIDGEPORT,2020-10,2
BRIDGEPORT,2020-11,15
BRIDGEPORT,2021-01,17
BRIDGEPORT,2021-03,4
BRIDGEPORT,2021-04,32
BRIDGEPORT,2021-05,2
BRIDGEPORT,2021-06,15
BRIDGEPORT,2021-07,7
BRIDGEPORT,2021-08,12
BRIDGEPORT,2021-09,46
BRIDGEPORT,2021-11,3
BRIDGEPORT,2021-12,1
BRIDGEPORT,2022-01,58
BRIDGEPORT,2022-02,3
BRIDGEPORT,2022-04,57
BRIDGEPORT,2022-05,4
BRIDGEPORT,2022-06,11
BRIDGEPORT,2022-07,43
BRIDGEPORT,2022-08,29
BRIDGEPORT,2022-09,90
BRIDGEPORT,2022-10,33
BRIDGEPORT,2022-11,29
BRIDGEPORT,2022-12,20
BRIDGEPORT,2023-01,87
BRIDGEPORT,2023-02,20
BRIDGEPORT,2023-03,19
BRIDGEPORT,2023-04,89
BRIDGEPORT,2023-05,3
BRIGHTON PARK,2020-09,1
BRIGHTON PARK,2020-11,3
BRIGHTON PARK,2021-01,2
BRIGHTON PARK,2021-03,1
BRIGHTON PARK,2021-04,5
BRIGHTON PARK,2021-06,5
BRIGHTON PARK,2021-07,7
BRIGHTON PARK,2021-08,20
BRIGHTON PARK,2021-09,5
BRIGHTON PARK,2021-11,1
BRIGHTON PARK,2021-12,9
BRIGHTON PARK,2022-01,14
BRIGHTON PARK,2022-02,9
BRIGHTON PARK,2022-03,1
BRIGHTON PARK,2022-04,17
BRIGHTON PARK,2022-05,3
BRIGHTON PARK,2022-06,31
BRIGHTON PARK,2022-07,32
BRIGHTON PARK,2022-08,24
BRIGHTON PARK,2022-09,45
BRIGHTON PARK,2022-10,26
BRIGHTON PARK,2022-11,22
BRIGHTON PARK,2022-12,14
BRIGHTON PARK,2023-01,28
BRIGHTON PARK,2023-02,12
BRIGHTON PARK,2023-03,12
BRIGHTON PARK,2023-04,21
BURNSIDE,2021-08,1
BURNSIDE,2022-06,1
CALUMET HEIGHTS,2021-07,4
CALUMET HEIGHTS,2021-08,2
CALUMET HEIGHTS,2021-09,9
CALUMET HEIGHTS,2021-12,1
CALUMET HEIGHTS,2022-01,11
CALUMET HEIGHTS,2022-04,5
CALUMET HEIGHTS,2022-05,2
CALUMET HEIGHTS,2022-07,5
CALUMET HEIGHTS,2022-08,4
CALUMET HEIGHTS,2022-09,6
CALUMET HEIGHTS,2023-01,16
CALUMET HEIGHTS,2023-03,2
CALUMET HEIGHTS,2023-04,12
CHATHAM,2020-07,16
CHATHAM,2020-08,2
CHATHAM,2020-09,4
CHATHAM,2020-11,7
CHATHAM,2020-12,5
CHATHAM,2021-01,9
CHATHAM,2021-03,6
CHATHAM,2021-04,10
CHATHAM,2021-06,13
CHATHAM,2021-07,8
CHATHAM,2021-08,17
CHATHAM,2021-09,9
CHATHAM,2021-10,7
CHATHAM,2021-11,5
CHATHAM,2021-12,3
CHATHAM,2022-01,15
CHATHAM,2022-02,7
CHATHAM,2022-04,10
CHATHAM,2022-05,3
CHATHAM,2022-06,5
CHATHAM,2022-07,45
CHATHAM,2022-08,23
CHATHAM,2022-09,25
CHATHAM,2022-10,14
CHATHAM,2022-11,11
CHATHAM,2022-12,16
CHATHAM,2023-01,34
CHATHAM,2023-02,15
CHATHAM,2023-03,16
CHATHAM,2023-04,37
CHICAGO LAWN,2020-07,12
CHICAGO LAWN,2020-08,16
CHICAGO LAWN,2020-09,14
CHICAGO LAWN,2020-10,1
CHICAGO LAWN,2020-11,21
CHICAGO LAWN,2020-12,8
CHICAGO LAWN,2021-01,17
CHICAGO LAWN,2021-04,18
CHICAGO LAWN,2021-06,18
CHICAGO LAWN,2021-07,23
CHICAGO LAWN,2021-08,20
CHICAGO LAWN,2021-09,25
CHICAGO LAWN,2021-10,31
CHICAGO LAWN,2021-11,5
CHICAGO LAWN,2021-12,6
CHICAGO LAWN,2022-01,38
CHICAGO LAWN,2022-02,1
CHICAGO LAWN,2022-04,27
CHICAGO LAWN,2022-05,5
CHICAGO LAWN,2022-06,16
CHICAGO LAWN,2022-07,35
CHICAGO LAWN,2022-08,30
CHICAGO LAWN,2022-09,54
CHICAGO LAWN,2022-10,10
CHICAGO LAWN,2022-11,11
CHICAGO LAWN,2022-12,12
CHICAGO LAWN,2023-01,68
CHICAGO LAWN,2023-02,15
CHICAGO LAWN,2023-03,31
CHICAGO LAWN,2023-04,66
CHICAGO LAWN,2023-05,2
CHICAGO LAWN,2023-06,1
CLEARING,2020-07,24
CLEARING,2020-08,18
CLEARING,2020-09,16
CLEARING,2020-11,39
CLEARING,2021-01,31
CLEARING,2021-03,2
CLEARING,2021-04,53
CLEARING,2021-05,1
CLEARING,2021-06,22
CLEARING,2021-07,6
CLEARING,2021-08,14
CLEARING,2021-09,71
CLEARING,2021-10,14
CLEARING,2021-11,10
CLEARING,2021-12,11
CLEARING,2022-01,83
CLEARING,2022-02,20
CLEARING,2022-03,4
CLEARING,2022-04,83
CLEARING,2022-05,4
CLEARING,2022-06,34
CLEARING,2022-07,49
CLEARING,2022-08,21
CLEARING,2022-09,79
CLEARING,2022-10,30
CLEARING,2022-11,14
CLEARING,2022-12,18
CLEARING,2023-01,66
CLEARING,2023-02,4
CLEARING,2023-03,11
CLEARING,2023-04,76
CLEARING,2023-05,2
CLEARING,2023-06,4
DOUGLAS,2020-07,36
DOUGLAS,2020-08,56
DOUGLAS,2020-09,2
DOUGLAS,2020-11,5
DOUGLAS,2021-01,6
DOUGLAS,2021-03,2
DOUGLAS,2021-04,32
DOUGLAS,2021-06,16
DOUGLAS,2021-07,7
DOUGLAS,2021-08,23
DOUGLAS,2021-09,34
DOUGLAS,2021-10,1
DOUGLAS,2021-11,1
DOUGLAS,2021-12,1
DOUGLAS,2022-01,38
DOUGLAS,2022-02,5
DOUGLAS,2022-04,41
DOUGLAS,2022-05,3
DOUGLAS,2022-06,11
DOUGLAS,2022-07,63
DOUGLAS,2022-08,44
DOUGLAS,2022-09,52
DOUGLAS,2022-10,37
DOUGLAS,2022-11,16
DOUGLAS,2022-12,15
DOUGLAS,2023-01,35
DOUGLAS,2023-02,19
DOUGLAS,2023-03,33
DOUGLAS,2023-04,28
DOUGLAS,2023-05,1
DUNNING,2020-07,36
DUNNING,2020-08,48
DUNNING,2020-09,15
DUNNING,2020-11,26
DUNNING,2021-01,27
DUNNING,2021-04,38
DUNNING,2021-05,4
DUNNING,2021-06,14
DUNNING,2021-07,3
DUNNING,2021-08,5
DUNNING,2021-09,78
DUNNING,2021-10,8
DUNNING,2021-11,5
DUNNING,2021-12,19
DUNNING,2022-01,115
DUNNING,2022-02,9
DUNNING,2022-03,2
DUNNING,2022-04,125
DUNNING,2022-05,1
DUNNING,2022-06,16
DUNNING,2022-07,59
DUNNING,2022-08,23
DUNNING,2022-09,113
DUNNING,2022-10,12
DUNNING,2022-11,10
DUNNING,2022-12,8
DUNNING,2023-01,128
DUNNING,2023-02,8
DUNNING,2023-03,26
DUNNING,2023-04,130
DUNNING,2023-05,4
EAST GARFIELD PARK,2020-07,28
EAST GARFIELD PARK,2020-08,48
EAST GARFIELD PARK,2020-09,13
EAST GARFIELD PARK,2020-10,1
EAST GARFIELD PARK,2020-11,15
EAST GARFIELD PARK,2020-12,1
EAST GARFIELD PARK,2021-01,17
EAST GARFIELD PARK,2021-03,7
EAST GARFIELD PARK,2021-04,36
EAST GARFIELD PARK,2021-05,2
EAST GARFIELD PARK,2021-06,27
EAST GARFIELD PARK,2021-07,3
EAST GARFIELD PARK,2021-08,31
EAST GARFIELD PARK,2021-09,31
EAST GARFIELD PARK,2021-10,1
EAST GARFIELD PARK,2021-11,2
EAST GARFIELD PARK,2021-12,5
EAST GARFIELD PARK,2022-01,49
EAST GARFIELD PARK,2022-03,1
EAST GARFIELD PARK,2022-04,34
EAST GARFIELD PARK,2022-05,1
EAST GARFIELD PARK,2022-06,1
EAST GARFIELD PARK,2022-07,37
EAST GARFIELD PARK,2022-08,22
EAST GARFIELD PARK,2022-09,48
EAST GARFIELD PARK,2022-10,3
EAST GARFIELD PARK,2022-12,5
EAST GARFIELD PARK,2023-01,54
EAST GARFIELD PARK,2023-02,3
EAST GARFIELD PARK,2023-03,1
EAST GARFIELD PARK,2023-04,51
EAST GARFIELD PARK,2023-05,1
EAST SIDE,2020-07,28
EAST SIDE,2020-09,9
EAST SIDE,2020-10,4
EAST SIDE,2020-11,24
EAST SIDE,2020-12,7
EAST SIDE,2021-01,18
EAST SIDE,2021-02,3
EAST SIDE,2021-04,33
EAST SIDE,2021-06,30
EAST SIDE,2021-07,5
EAST SIDE,2021-08,13
EAST SIDE,2021-09,64
EAST SIDE,2021-10,6
EAST SIDE,2021-11,1
EAST SIDE,2021-12,8
EAST SIDE,2022-01,82
EAST SIDE,2022-02,3
EAST SIDE,2022-03,2
EAST SIDE,2022-04,77
EAST SIDE,2022-05,4
EAST SIDE,2022-06,13
EAST SIDE,2022-07,39
EAST SIDE,2022-08,11
EAST SIDE,2022-09,85
EAST SIDE,2022-10,11
EAST SIDE,2022-11,12
EAST SIDE,2022-12,10
EAST SIDE,2023-01,90
EAST SIDE,2023-02,8
EAST SIDE,2023-03,10
EAST SIDE,2023-04,70
EAST SIDE,2023-06,1
EDGEWATER,2020-07,8
EDGEWATER,2020-08,16
EDGEWATER,2020-09,3
EDGEWATER,2020-10,1
EDGEWATER,2020-11,23
EDGEWATER,2021-01,42
EDGEWATER,2021-03,1
EDGEWATER,2021-04,63
EDGEWATER,2021-05,3
EDGEWATER,2021-06,36
EDGEWATER,2021-07,25
EDGEWATER,2021-08,17
EDGEWATER,2021-09,53
EDGEWATER,2021-10,7
EDGEWATER,2021-11,16
EDGEWATER,2021-12,16
EDGEWATER,2022-01,93
EDGEWATER,2022-02,12
EDGEWATER,2022-03,11
EDGEWATER,2022-04,55
EDGEWATER,2022-05,3
EDGEWATER,2022-06,29
EDGEWATER,2022-07,51
EDGEWATER,2022-08,46
EDGEWATER,2022-09,83
EDGEWATER,2022-10,30
EDGEWATER,2022-11,27
EDGEWATER,2022-12,26
EDGEWATER,2023-01,147
EDGEWATER,2023-02,28
EDGEWATER,2023-03,33
EDGEWATER,2023-04,105
EDISON PARK,2020-07,16
EDISON PARK,2020-08,8
EDISON PARK,2020-09,9
EDISON PARK,2020-10,1
EDISON PARK,2020-11,46
EDISON PARK,2020-12,1
EDISON PARK,2021-01,38
EDISON PARK,2021-04,41
EDISON PARK,2021-05,1
EDISON PARK,2021-06,30
EDISON PARK,2021-07,1
EDISON PARK,2021-09,97
EDISON PARK,2022-01,121
EDISON PARK,2022-02,1
EDISON PARK,2022-04,94
EDISON PARK,2022-06,8
EDISON PARK,2022-07,23
EDISON PARK,2022-08,6
EDISON PARK,2022-09,113
EDISON PARK,2022-11,1
EDISON PARK,2022-12,2
EDISON PARK,2023-01,71
EDISON PARK,2023-04,99
EDISON PARK,2023-05,1
ENGLEWOOD,2020-07,24
ENGLEWOOD,2020-08,14
ENGLEWOOD,2020-09,13
ENGLEWOOD,2020-11,17
ENGLEWOOD,2020-12,1
ENGLEWOOD,2021-01,17
ENGLEWOOD,2021-03,2
ENGLEWOOD,2021-04,24
ENGLEWOOD,2021-05,4
ENGLEWOOD,2021-06,17
ENGLEWOOD,2021-07,19
ENGLEWOOD,2021-08,28
ENGLEWOOD,2021-09,19
ENGLEWOOD,2021-11,3
ENGLEWOOD,2021-12,7
ENGLEWOOD,2022-01,21
ENGLEWOOD,2022-03,2
ENGLEWOOD,2022-04,14
ENGLEWOOD,2022-05,3
ENGLEWOOD,2022-06,7
ENGLEWOOD,2022-07,30
ENGLEWOOD,2022-08,14
ENGLEWOOD,2022-09,24
ENGLEWOOD,2022-10,5
ENGLEWOOD,2022-11,3
ENGLEWOOD,2022-12,9
ENGLEWOOD,2023-01,26
ENGLEWOOD,2023-02,2
ENGLEWOOD,2023-03,7
ENGLEWOOD,2023-04,26
ENGLEWOOD,2023-05,1
FOREST GLEN,2020-07,8
FOREST GLEN,2020-09,2
FOREST GLEN,2020-11,6
FOREST GLEN,2021-01,2
FOREST GLEN,2021-04,7
FOREST GLEN,2021-05,3
FOREST GLEN,2021-06,12
FOREST GLEN,2021-07,6
FOREST GLEN,2021-08,3
FOREST GLEN,2021-09,32
FOREST GLEN,2021-12,1
FOREST GLEN,2022-01,74
FOREST GLEN,2022-02,7
FOREST GLEN,2022-03,8
FOREST GLEN,2022-04,60
FOREST GLEN,2022-05,2
FOREST GLEN,2022-06,15
FOREST GLEN,2022-07,35
FOREST GLEN,2022-08,5
FOREST GLEN,2022-09,77
FOREST GLEN,2022-10,17
FOREST GLEN,2022-11,13
FOREST GLEN,2022-12,17
FOREST GLEN,2023-01,65
FOREST GLEN,2023-02,13
FOREST GLEN,2023-03,14
FOREST GLEN,2023-04,62
FULLER PARK,2020-07,12
FULLER PARK,2020-08,24
FULLER PARK,2020-09,1
FULLER PARK,2020-11,6
FULLER PARK,2021-01,3
FULLER PARK,2021-04,7
FULLER PARK,2021-06,13
FULLER PARK,2021-07,3
FULLER PARK,2021-08,9
FULLER PARK,2021-09,11
FULLER PARK,2021-11,1
FULLER PARK,2021-12,1
FULLER PARK,2022-01,12
FULLER PARK,2022-04,12
FULLER PARK,2022-06,7
FULLER PARK,2022-07,8
FULLER PARK,2022-08,8
FULLER PARK,2022-09,12
FULLER PARK,2022-10,4
FULLER PARK,2023-01,11
FULLER PARK,2023-04,12
GAGE PARK,2020-07,12
GAGE PARK,2020-08,8
GAGE PARK,2020-09,8
GAGE PARK,2020-10,1
GAGE PARK,2020-11,11
GAGE PARK,2021-01,14
GAGE PARK,2021-04,28
GAGE PARK,2021-06,7
GAGE PARK,2021-07,4
GAGE PARK,2021-08,6
GAGE PARK,2021-09,17
GAGE PARK,2021-10,6
GAGE PARK,2021-12,1
GAGE PARK,2022-01,21
GAGE PARK,2022-02,8
GAGE PARK,2022-04,42
GAGE PARK,2022-05,14
GAGE PARK,2022-06,32
GAGE PARK,2022-07,44
GAGE PARK,2022-08,32
GAGE PARK,2022-09,41
GAGE PARK,2022-10,25
GAGE PARK,2022-11,10
GAGE PARK,2022-12,25
GAGE PARK,2023-01,52
GAGE PARK,2023-02,22
GAGE PARK,2023-03,26
GAGE PARK,2023-04,47
GAGE PARK,2023-05,2
GARFIELD PARK,2020-07,44
GARFIELD PARK,2020-08,72
GARFIELD PARK,2020-09,29
GARFIELD PARK,2020-10,1
GARFIELD PARK,2020-11,30
GARFIELD PARK,2020-12,1
GARFIELD PARK,2021-01,33
GARFIELD PARK,2021-03,7
GARFIELD PARK,2021-04,58
GARFIELD PARK,2021-05,6
GARFIELD PARK,2021-06,41
GARFIELD PARK,2021-07,10
GARFIELD PARK,2021-08,47
GARFIELD PARK,2021-09,65
GARFIELD PARK,2021-10,12
GARFIELD PARK,2021-11,44
GARFIELD PARK,2021-12,30
GARFIELD PARK,2022-01,92
GARFIELD PARK,2022-02,33
GARFIELD PARK,2022-03,29
GARFIELD PARK,2022-04,79
GARFIELD PARK,2022-05,13
GARFIELD PARK,2022-06,67
GARFIELD PARK,2022-07,100
GARFIELD PARK,2022-08,58
GARFIELD PARK,2022-09,91
GARFIELD PARK,2022-10,51
GARFIELD PARK,2022-11,46
GARFIELD PARK,2022-12,53
GARFIELD PARK,2023-01,100
GARFIELD PARK,2023-02,39
GARFIELD PARK,2023-03,45
GARFIELD PARK,2023-04,113
GARFIELD PARK,2023-05,2
GARFIELD RIDGE,2020-07,36
GARFIELD RIDGE,2020-08,64
GARFIELD RIDGE,2020-09,23
GARFIELD RIDGE,2020-10,1
GARFIELD RIDGE,2020-11,46
GARFIELD RIDGE,2020-12,4
GARFIELD RIDGE,2021-01,43
GARFIELD RIDGE,2021-02,1
GARFIELD RIDGE,2021-03,2
GARFIELD RIDGE,2021-04,47
GARFIELD RIDGE,2021-05,1
GARFIELD RIDGE,2021-06,26
GARFIELD RIDGE,2021-07,10
GARFIELD RIDGE,2021-08,13
GARFIELD RIDGE,2021-09,53
GARFIELD RIDGE,2021-10,26
GARFIELD RIDGE,2021-11,18
GARFIELD RIDGE,2021-12,23
GARFIELD RIDGE,2022-01,79
GARFIELD RIDGE,2022-02,25
GARFIELD RIDGE,2022-03,15
GARFIELD RIDGE,2022-04,78
GARFIELD RIDGE,2022-05,4
GARFIELD RIDGE,2022-06,44
GARFIELD RIDGE,2022-07,58
GARFIELD RIDGE,2022-08,27
GARFIELD RIDGE,2022-09,74
GARFIELD RIDGE,2022-10,45
GARFIELD RIDGE,2022-11,32
GARFIELD RIDGE,2022-12,26
GARFIELD RIDGE,2023-01,77
GARFIELD RIDGE,2023-02,28
GARFIELD RIDGE,2023-03,41
GARFIELD RIDGE,2023-04,101
GARFIELD RIDGE,2023-05,2
GRAND BOULEVARD,2020-06,2
GRAND BOULEVARD,2020-07,28
GRAND BOULEVARD,2020-08,32
GRAND BOULEVARD,2020-09,1
GRAND BOULEVARD,2020-11,7
GRAND BOULEVARD,2021-01,9
GRAND BOULEVARD,2021-03,3
GRAND BOULEVARD,2021-04,13
GRAND BOULEVARD,2021-06,13
GRAND BOULEVARD,2021-07,4
GRAND BOULEVARD,2021-08,12
GRAND BOULEVARD,2021-09,8
GRAND BOULEVARD,2021-10,2
GRAND BOULEVARD,2021-12,1
GRAND BOULEVARD,2022-01,21
GRAND BOULEVARD,2022-02,11
GRAND BOULEVARD,2022-03,10
GRAND BOULEVARD,2022-04,7
GRAND BOULEVARD,2022-05,7
GRAND BOULEVARD,2022-06,16
GRAND BOULEVARD,2022-07,15
GRAND BOULEVARD,2022-08,11
GRAND BOULEVARD,2022-09,14
GRAND BOULEVARD,2022-10,21
GRAND BOULEVARD,2022-11,10
GRAND BOULEVARD,2022-12,3
GRAND BOULEVARD,2023-01,17
GRAND BOULEVARD,2023-02,5
GRAND BOULEVARD,2023-03,3
GRAND BOULEVARD,2023-04,11
GREATER GRAND CROSSING,2020-07,12
GREATER GRAND CROSSING,2020-08,24
GREATER GRAND CROSSING,2020-09,15
GREATER GRAND CROSSING,2020-10,1
GREATER GRAND CROSSING,2020-11,9
GREATER GRAND CROSSING,2021-01,11
GREATER GRAND CROSSING,2021-03,4
GREATER GRAND CROSSING,2021-04,8
GREATER GRAND CROSSING,2021-06,9
GREATER GRAND CROSSING,2021-07,22
GREATER GRAND CROSSING,2021-08,17
GREATER GRAND CROSSING,2021-09,5
GREATER GRAND CROSSING,2021-10,3
GREATER GRAND CROSSING,2021-11,2
GREATER GRAND CROSSING,2021-12,6
GREATER GRAND CROSSING,2022-01,11
GREATER GRAND CROSSING,2022-04,10
GREATER GRAND CROSSING,2022-05,2
GREATER GRAND CROSSING,2022-06,6
GREATER GRAND CROSSING,2022-07,19
GREATER GRAND CROSSING,2022-08,8
GREATER GRAND CROSSING,2022-09,3
GREATER GRAND CROSSING,2022-10,6
GREATER GRAND CROSSING,2022-11,5
GREATER GRAND CROSSING,2022-12,9
GREATER GRAND CROSSING,2023-01,26
GREATER GRAND CROSSING,2023-02,13
GREATER GRAND CROSSING,2023-03,19
GREATER GRAND CROSSING,2023-04,27
HEGEWISCH,2020-07,16
HEGEWISCH,2020-09,11
HEGEWISCH,2020-11,9
HEGEWISCH,2020-12,1
HEGEWISCH,2021-01,16
HEGEWISCH,2021-04,22
HEGEWISCH,2021-06,9
HEGEWISCH,2021-07,2
HEGEWISCH,2021-09,29
HEGEWISCH,2021-11,1
HEGEWISCH,2022-01,65
HEGEWISCH,2022-04,52
HEGEWISCH,2022-06,2
HEGEWISCH,2022-07,11
HEGEWISCH,2022-08,5
HEGEWISCH,2022-09,60
HEGEWISCH,2022-11,2
HEGEWISCH,2022-12,19
HEGEWISCH,2023-01,57
HEGEWISCH,2023-02,2
HEGEWISCH,2023-03,1
HEGEWISCH,2023-04,55
HEGEWISCH,2023-05,2
HERMOSA,2020-07,20
HERMOSA,2020-08,40
HERMOSA,2020-09,7
HERMOSA,2020-11,13
HERMOSA,2021-01,14
HERMOSA,2021-04,18
HERMOSA,2021-06,9
HERMOSA,2021-07,1
HERMOSA,2021-08,9
HERMOSA,2021-09,23
HERMOSA,2021-11,2
HERMOSA,2021-12,2
HERMOSA,2022-01,26
HERMOSA,2022-02,1
HERMOSA,2022-03,2
HERMOSA,2022-04,21
HERMOSA,2022-05,1
HERMOSA,2022-06,1
HERMOSA,2022-07,13
HERMOSA,2022-08,3
HERMOSA,2022-09,17
HERMOSA,2022-10,2
HERMOSA,2022-12,1
HERMOSA,2023-01,24
HERMOSA,2023-02,2
HERMOSA,2023-03,2
HERMOSA,2023-04,17
HERMOSA,2023-05,4
HERMOSA,2023-06,2
HERMOSA,2023-07,2
HERMOSA,2023-08,2
HERMOSA,2023-09,2
HERMOSA,2023-10,2
HERMOSA,2023-11,2
HUMBOLDT PARK,2020-07,4
HUMBOLDT PARK,2020-09,4
HUMBOLDT PARK,2020-11,5
HUMBOLDT PARK,2020-12,2
HUMBOLDT PARK,2021-01,10
HUMBOLDT PARK,2021-03,3
HUMBOLDT PARK,2021-04,13
HUMBOLDT PARK,2021-06,2
HUMBOLDT PARK,2021-07,7
HUMBOLDT PARK,2021-08,17
HUMBOLDT PARK,2021-09,24
HUMBOLDT PARK,2021-10,2
HUMBOLDT PARK,2021-11,6
HUMBOLDT PARK,2021-12,10
HUMBOLDT PARK,2022-01,32
HUMBOLDT PARK,2022-02,10
HUMBOLDT PARK,2022-03,2
HUMBOLDT PARK,2022-04,25
HUMBOLDT PARK,2022-05,5
HUMBOLDT PARK,2022-06,25
HUMBOLDT PARK,2022-07,77
HUMBOLDT PARK,2022-08,64
HUMBOLDT PARK,2022-09,57
HUMBOLDT PARK,2022-10,40
HUMBOLDT PARK,2022-11,38
HUMBOLDT PARK,2022-12,29
HUMBOLDT PARK,2023-01,48
HUMBOLDT PARK,2023-02,31
HUMBOLDT PARK,2023-03,31
HUMBOLDT PARK,2023-04,49
HYDE PARK,2020-11,2
HYDE PARK,2020-12,3
HYDE PARK,2021-01,2
HYDE PARK,2021-06,6
HYDE PARK,2021-07,10
HYDE PARK,2021-08,8
HYDE PARK,2021-09,14
HYDE PARK,2021-11,1
HYDE PARK,2022-01,6
HYDE PARK,2022-03,2
HYDE PARK,2022-04,6
HYDE PARK,2022-05,2
HYDE PARK,2022-06,5
HYDE PARK,2022-07,9
HYDE PARK,2022-08,4
HYDE PARK,2022-09,11
HYDE PARK,2022-11,2
HYDE PARK,2022-12,3
HYDE PARK,2023-01,5
HYDE PARK,2023-02,1
HYDE PARK,2023-03,2
HYDE PARK,2023-04,8
HYDE PARK,2023-05,1
HYDE PARK,2023-06,2
IRVING PARK,2020-07,197
IRVING PARK,2020-08,7
IRVING PARK,2020-09,219
IRVING PARK,2020-10,15
IRVING PARK,2020-11,454
IRVING PARK,2020-12,5
IRVING PARK,2021-01,73
IRVING PARK,2021-02,2
IRVING PARK,2021-03,93
IRVING PARK,2021-04,419
IRVING PARK,2021-05,171
IRVING PARK,2021-06,381
IRVING PARK,2021-07,374
IRVING PARK,2021-08,129
IRVING PARK,2021-09,423
IRVING PARK,2021-10,124
IRVING PARK,2021-11,30
IRVING PARK,2021-12,4
IRVING PARK,2022-01,503
IRVING PARK,2022-02,197
IRVING PARK,2022-03,194
IRVING PARK,2022-04,396
IRVING PARK,2022-05,305
IRVING PARK,2022-06,133
IRVING PARK,2022-07,42
IRVING PARK,2022-08,18
IRVING PARK,2022-09,662
IRVING PARK,2022-10,237
IRVING PARK,2022-11,49
IRVING PARK,2022-12,6
IRVING PARK,2023-01,238
IRVING PARK,2023-02,11
IRVING PARK,2023-03,181
IRVING PARK,2023-04,534
IRVING PARK,2023-05,346
IRVING PARK,2023-06,104
JEFFERSON PARK,2020-07,4
JEFFERSON PARK,2020-09,3
JEFFERSON PARK,2020-11,6
JEFFERSON PARK,2021-01,3
JEFFERSON PARK,2021-04,7
JEFFERSON PARK,2021-06,8
JEFFERSON PARK,2021-07,2
JEFFERSON PARK,2021-08,1
JEFFERSON PARK,2021-09,17
JEFFERSON PARK,2021-12,2
JEFFERSON PARK,2022-01,40
JEFFERSON PARK,2022-04,59
JEFFERSON PARK,2022-06,3
JEFFERSON PARK,2022-07,8
JEFFERSON PARK,2022-08,4
JEFFERSON PARK,2022-09,41
JEFFERSON PARK,2022-10,2
JEFFERSON PARK,2023-01,50
JEFFERSON PARK,2023-03,2
JEFFERSON PARK,2023-04,44
JEFFERSON PARK,2023-05,2
JEFFERSON PARK,2023-06,1
KENWOOD,2020-06,2
KENWOOD,2020-07,16
KENWOOD,2020-08,24
KENWOOD,2020-09,8
KENWOOD,2020-10,3
KENWOOD,2020-11,19
KENWOOD,2020-12,4
KENWOOD,2021-01,14
KENWOOD,2021-04,15
KENWOOD,2021-06,9
KENWOOD,2021-07,1
KENWOOD,2021-08,18
KENWOOD,2021-09,14
KENWOOD,2021-10,10
KENWOOD,2021-11,5
KENWOOD,2021-12,11
KENWOOD,2022-01,46
KENWOOD,2022-02,23
KENWOOD,2022-03,28
KENWOOD,2022-04,45
KENWOOD,2022-05,4
KENWOOD,2022-06,27
KENWOOD,2022-07,38
KENWOOD,2022-08,19
KENWOOD,2022-09,46
KENWOOD,2022-10,19
KENWOOD,2022-11,17
KENWOOD,2022-12,15
KENWOOD,2023-01,44
KENWOOD,2023-02,14
KENWOOD,2023-03,20
KENWOOD,2023-04,58
LAKE VIEW,2020-07,20
LAKE VIEW,2020-09,16
LAKE VIEW,2020-11,25
LAKE VIEW,2020-12,4
LAKE VIEW,2021-01,28
LAKE VIEW,2021-04,24
LAKE VIEW,2021-06,18
LAKE VIEW,2021-07,6
LAKE VIEW,2021-08,18
LAKE VIEW,2021-09,80
LAKE VIEW,2021-10,2
LAKE VIEW,2021-11,7
LAKE VIEW,2021-12,3
LAKE VIEW,2022-01,83
LAKE VIEW,2022-02,6
LAKE VIEW,2022-04,71
LAKE VIEW,2022-06,15
LAKE VIEW,2022-07,30
LAKE VIEW,2022-08,20
LAKE VIEW,2022-09,93
LAKE VIEW,2022-10,11
LAKE VIEW,2022-11,25
LAKE VIEW,2022-12,19
LAKE VIEW,2023-01,85
LAKE VIEW,2023-02,25
LAKE VIEW,2023-03,11
LAKE VIEW,2023-04,90
LINCOLN PARK,2020-07,8
LINCOLN PARK,2020-08,17
LINCOLN PARK,2020-09,4
LINCOLN PARK,2020-11,18
LINCOLN PARK,2020-12,4
LINCOLN PARK,2021-01,35
LINCOLN PARK,2021-03,1
LINCOLN PARK,2021-04,37
LINCOLN PARK,2021-05,6
LINCOLN PARK,2021-06,45
LINCOLN PARK,2021-07,8
LINCOLN PARK,2021-08,17
LINCOLN PARK,2021-09,47
LINCOLN PARK,2021-10,1
LINCOLN PARK,2021-12,8
LINCOLN PARK,2022-01,52
LINCOLN PARK,2022-02,4
LINCOLN PARK,2022-03,1
LINCOLN PARK,2022-04,68
LINCOLN PARK,2022-05,4
LINCOLN PARK,2022-06,33
LINCOLN PARK,2022-07,59
LINCOLN PARK,2022-08,31
LINCOLN PARK,2022-09,70
LINCOLN PARK,2022-10,12
LINCOLN PARK,2022-11,6
LINCOLN PARK,2022-12,14
LINCOLN PARK,2023-01,74
LINCOLN PARK,2023-02,9
LINCOLN PARK,2023-03,8
LINCOLN PARK,2023-04,65
LINCOLN PARK,2023-05,2
LINCOLN SQUARE,2020-06,1
LINCOLN SQUARE,2020-07,24
LINCOLN SQUARE,2020-08,48
LINCOLN SQUARE,2020-09,27
LINCOLN SQUARE,2020-10,1
LINCOLN SQUARE,2020-11,38
LINCOLN SQUARE,2020-12,6
LINCOLN SQUARE,2021-01,31
LINCOLN SQUARE,2021-04,32
LINCOLN SQUARE,2021-05,1
LINCOLN SQUARE,2021-06,27
LINCOLN SQUARE,2021-07,10
LINCOLN SQUARE,2021-08,16
LINCOLN SQUARE,2021-09,66
LINCOLN SQUARE,2021-10,12
LINCOLN SQUARE,2021-11,7
LINCOLN SQUARE,2021-12,9
LINCOLN SQUARE,2022-01,107
LINCOLN SQUARE,2022-02,14
LINCOLN SQUARE,2022-03,16
LINCOLN SQUARE,2022-04,118
LINCOLN SQUARE,2022-05,12
LINCOLN SQUARE,2022-06,59
LINCOLN SQUARE,2022-07,67
LINCOLN SQUARE,2022-08,52
LINCOLN SQUARE,2022-09,155
LINCOLN SQUARE,2022-10,82
LINCOLN SQUARE,2022-11,54
LINCOLN SQUARE,2022-12,50
LINCOLN SQUARE,2023-01,121
LINCOLN SQUARE,2023-02,52
LINCOLN SQUARE,2023-03,50
LINCOLN SQUARE,2023-04,139
LINCOLN SQUARE,2023-05,2
LOGAN SQUARE,2020-07,44
LOGAN SQUARE,2020-08,48
LOGAN SQUARE,2020-09,19
LOGAN SQUARE,2020-10,2
LOGAN SQUARE,2020-11,41
LOGAN SQUARE,2020-12,9
LOGAN SQUARE,2021-01,47
LOGAN SQUARE,2021-03,2
LOGAN SQUARE,2021-04,62
LOGAN SQUARE,2021-05,2
LOGAN SQUARE,2021-06,40
LOGAN SQUARE,2021-07,10
LOGAN SQUARE,2021-08,36
LOGAN SQUARE,2021-09,143
LOGAN SQUARE,2021-10,14
LOGAN SQUARE,2021-11,14
LOGAN SQUARE,2021-12,10
LOGAN SQUARE,2022-01,151
LOGAN SQUARE,2022-02,18
LOGAN SQUARE,2022-03,3
LOGAN SQUARE,2022-04,108
LOGAN SQUARE,2022-05,10
LOGAN SQUARE,2022-06,26
LOGAN SQUARE,2022-07,100
LOGAN SQUARE,2022-08,44
LOGAN SQUARE,2022-09,141
LOGAN SQUARE,2022-10,44
LOGAN SQUARE,2022-11,38
LOGAN SQUARE,2022-12,31
LOGAN SQUARE,2023-01,140
LOGAN SQUARE,2023-02,27
LOGAN SQUARE,2023-03,51
LOGAN SQUARE,2023-04,113
LOGAN SQUARE,2023-05,6
LOOP,2020-07,16
LOOP,2020-08,24
LOOP,2020-09,9
LOOP,2020-10,326
LOOP,2020-11,136
LOOP,2020-12,203
LOOP,2021-01,140
LOOP,2021-02,257
LOOP,2021-03,190
LOOP,2021-04,289
LOOP,2021-05,5
LOOP,2021-06,23
LOOP,2021-07,8
LOOP,2021-08,12
LOOP,2021-09,27
LOOP,2021-10,7
LOOP,2021-11,36
LOOP,2021-12,13
LOOP,2022-01,31
LOOP,2022-02,12
LOOP,2022-03,16
LOOP,2022-04,31
LOOP,2022-05,25
LOOP,2022-06,42
LOOP,2022-07,100
LOOP,2022-08,87
LOOP,2022-09,94
LOOP,2022-10,77
LOOP,2022-11,59
LOOP,2022-12,47
LOOP,2023-01,59
LOOP,2023-02,34
LOOP,2023-03,77
LOOP,2023-04,58
LOOP,2023-06,4
LOWER WEST SIDE,2020-07,24
LOWER WEST SIDE,2020-08,40
LOWER WEST SIDE,2020-09,37
LOWER WEST SIDE,2020-10,22
LOWER WEST SIDE,2020-11,45
LOWER WEST SIDE,2020-12,5
LOWER WEST SIDE,2021-01,58
LOWER WEST SIDE,2021-02,2
LOWER WEST SIDE,2021-03,5
LOWER WEST SIDE,2021-04,66
LOWER WEST SIDE,2021-05,1
LOWER WEST SIDE,2021-06,26
LOWER WEST SIDE,2021-07,10
LOWER WEST SIDE,2021-08,25
LOWER WEST SIDE,2021-09,55
LOWER WEST SIDE,2021-10,2
LOWER WEST SIDE,2021-11,4
LOWER WEST SIDE,2021-12,3
LOWER WEST SIDE,2022-01,110
LOWER WEST SIDE,2022-03,1
LOWER WEST SIDE,2022-04,97
LOWER WEST SIDE,2022-05,1
LOWER WEST SIDE,2022-06,17
LOWER WEST SIDE,2022-07,27
LOWER WEST SIDE,2022-08,17
LOWER WEST SIDE,2022-09,112
LOWER WEST SIDE,2022-10,26
LOWER WEST SIDE,2022-11,22
LOWER WEST SIDE,2022-12,11
LOWER WEST SIDE,2023-01,144
LOWER WEST SIDE,2023-02,22
LOWER WEST SIDE,2023-03,19
LOWER WEST SIDE,2023-04,144
LOWER WEST SIDE,2023-08,2
MCKINLEY PARK,2020-07,12
MCKINLEY PARK,2020-08,24
MCKINLEY PARK,2020-09,6
MCKINLEY PARK,2020-10,3
MCKINLEY PARK,2020-11,18
MCKINLEY PARK,2020-12,4
MCKINLEY PARK,2021-01,27
MCKINLEY PARK,2021-02,5
MCKINLEY PARK,2021-03,7
MCKINLEY PARK,2021-04,25
MCKINLEY PARK,2021-05,3
MCKINLEY PARK,2021-06,20
MCKINLEY PARK,2021-07,6
MCKINLEY PARK,2021-08,13
MCKINLEY PARK,2021-09,48
MCKINLEY PARK,2021-10,2
MCKINLEY PARK,2021-12,7
MCKINLEY PARK,2022-01,45
MCKINLEY PARK,2022-02,6
MCKINLEY PARK,2022-04,56
MCKINLEY PARK,2022-05,5
MCKINLEY PARK,2022-06,13
MCKINLEY PARK,2022-07,24
MCKINLEY PARK,2022-08,22
MCKINLEY PARK,2022-09,81
MCKINLEY PARK,2022-10,12
MCKINLEY PARK,2022-11,11
MCKINLEY PARK,2022-12,21
MCKINLEY PARK,2023-01,73
MCKINLEY PARK,2023-02,7
MCKINLEY PARK,2023-03,13
MCKINLEY PARK,2023-04,54
MONTCLARE,2020-07,8
MONTCLARE,2020-08,16
MONTCLARE,2020-09,3
MONTCLARE,2020-11,9
MONTCLARE,2020-12,2
MONTCLARE,2021-01,7
MONTCLARE,2021-04,10
MONTCLARE,2021-05,1
MONTCLARE,2021-06,5
MONTCLARE,2021-07,4
MONTCLARE,2021-08,4
MONTCLARE,2021-09,28
MONTCLARE,2021-10,1
MONTCLARE,2021-11,5
MONTCLARE,2022-01,18
MONTCLARE,2022-04,20
MONTCLARE,2022-06,3
MONTCLARE,2022-07,9
MONTCLARE,2022-08,1
MONTCLARE,2022-09,8
MONTCLARE,2022-11,5
MONTCLARE,2022-12,1
MONTCLARE,2023-01,38
MONTCLARE,2023-04,18
MORGAN PARK,2020-07,170
MORGAN PARK,2020-08,18
MORGAN PARK,2020-09,153
MORGAN PARK,2020-10,39
MORGAN PARK,2020-11,359
MORGAN PARK,2020-12,8
MORGAN PARK,2021-01,8
MORGAN PARK,2021-03,116
MORGAN PARK,2021-04,136
MORGAN PARK,2021-05,62
MORGAN PARK,2021-06,245
MORGAN PARK,2021-07,200
MORGAN PARK,2021-08,83
MORGAN PARK,2021-09,187
MORGAN PARK,2021-10,13
MORGAN PARK,2021-11,7
MORGAN PARK,2021-12,2
MORGAN PARK,2022-01,240
MORGAN PARK,2022-02,69
MORGAN PARK,2022-03,44
MORGAN PARK,2022-04,105
MORGAN PARK,2022-05,101
MORGAN PARK,2022-06,23
MORGAN PARK,2022-07,22
MORGAN PARK,2022-08,7
MORGAN PARK,2022-09,296
MORGAN PARK,2022-10,72
MORGAN PARK,2022-11,10
MORGAN PARK,2022-12,2
MORGAN PARK,2023-01,22
MORGAN PARK,2023-02,1
MORGAN PARK,2023-03,140
MORGAN PARK,2023-04,217
MORGAN PARK,2023-05,111
MORGAN PARK,2023-06,22
MOUNT GREENWOOD,2020-07,12
MOUNT GREENWOOD,2020-08,16
MOUNT GREENWOOD,2020-09,25
MOUNT GREENWOOD,2020-11,31
MOUNT GREENWOOD,2020-12,6
MOUNT GREENWOOD,2021-01,30
MOUNT GREENWOOD,2021-02,1
MOUNT GREENWOOD,2021-03,1
MOUNT GREENWOOD,2021-04,35
MOUNT GREENWOOD,2021-05,5
MOUNT GREENWOOD,2021-06,13
MOUNT GREENWOOD,2021-07,3
MOUNT GREENWOOD,2021-08,4
MOUNT GREENWOOD,2021-09,48
MOUNT GREENWOOD,2021-10,2
MOUNT GREENWOOD,2021-11,10
MOUNT GREENWOOD,2021-12,10
MOUNT GREENWOOD,2022-01,59
MOUNT GREENWOOD,2022-02,15
MOUNT GREENWOOD,2022-03,3
MOUNT GREENWOOD,2022-04,71
MOUNT GREENWOOD,2022-05,7
MOUNT GREENWOOD,2022-06,30
MOUNT GREENWOOD,2022-07,48
MOUNT GREENWOOD,2022-08,32
MOUNT GREENWOOD,2022-09,95
MOUNT GREENWOOD,2022-10,40
MOUNT GREENWOOD,2022-11,33
MOUNT GREENWOOD,2022-12,30
MOUNT GREENWOOD,2023-01,72
MOUNT GREENWOOD,2023-02,14
MOUNT GREENWOOD,2023-03,10
MOUNT GREENWOOD,2023-04,59
MOUNT GREENWOOD,2023-05,1
NEAR NORTH SIDE,2020-07,48
NEAR NORTH SIDE,2020-08,96
NEAR NORTH SIDE,2020-09,300
NEAR NORTH SIDE,2020-10,4
NEAR NORTH SIDE,2020-11,53
NEAR NORTH SIDE,2020-12,1
NEAR NORTH SIDE,2021-01,61
NEAR NORTH SIDE,2021-02,1
NEAR NORTH SIDE,2021-03,1
NEAR NORTH SIDE,2021-04,61
NEAR NORTH SIDE,2021-05,4
NEAR NORTH SIDE,2021-06,27
NEAR NORTH SIDE,2021-07,14
NEAR NORTH SIDE,2021-08,15
NEAR NORTH SIDE,2021-09,89
NEAR NORTH SIDE,2021-10,2
NEAR NORTH SIDE,2021-11,5
NEAR NORTH SIDE,2021-12,7
NEAR NORTH SIDE,2022-01,105
NEAR NORTH SIDE,2022-02,2
NEAR NORTH SIDE,2022-03,3
NEAR NORTH SIDE,2022-04,106
NEAR NORTH SIDE,2022-05,5
NEAR NORTH SIDE,2022-06,15
NEAR NORTH SIDE,2022-07,27
NEAR NORTH SIDE,2022-08,14
NEAR NORTH SIDE,2022-09,110
NEAR NORTH SIDE,2022-10,9
NEAR NORTH SIDE,2022-11,3
NEAR NORTH SIDE,2022-12,8
NEAR NORTH SIDE,2023-01,116
NEAR NORTH SIDE,2023-02,8
NEAR NORTH SIDE,2023-03,21
NEAR NORTH SIDE,2023-04,102
NEAR NORTH SIDE,2023-06,3
NEAR NORTH SIDE,2023-07,2
NEAR SOUTH SIDE,2020-07,24
NEAR SOUTH SIDE,2020-08,48
NEAR SOUTH SIDE,2020-09,21
NEAR SOUTH SIDE,2020-11,39
NEAR SOUTH SIDE,2020-12,1
NEAR SOUTH SIDE,2021-01,34
NEAR SOUTH SIDE,2021-03,4
NEAR SOUTH SIDE,2021-04,40
NEAR SOUTH SIDE,2021-06,28
NEAR SOUTH SIDE,2021-07,17
NEAR SOUTH SIDE,2021-08,23
NEAR SOUTH SIDE,2021-09,45
NEAR SOUTH SIDE,2021-10,11
NEAR SOUTH SIDE,2021-12,2
NEAR SOUTH SIDE,2022-01,76
NEAR SOUTH SIDE,2022-02,9
NEAR SOUTH SIDE,2022-03,4
NEAR SOUTH SIDE,2022-04,54
NEAR SOUTH SIDE,2022-05,8
NEAR SOUTH SIDE,2022-06,30
NEAR SOUTH SIDE,2022-07,51
NEAR SOUTH SIDE,2022-08,28
NEAR SOUTH SIDE,2022-09,71
NEAR SOUTH SIDE,2022-10,15
NEAR SOUTH SIDE,2022-11,1
NEAR SOUTH SIDE,2022-12,4
NEAR SOUTH SIDE,2023-01,92
NEAR SOUTH SIDE,2023-02,2
NEAR SOUTH SIDE,2023-03,6
NEAR SOUTH SIDE,2023-04,95
NEAR SOUTH SIDE,2023-05,9
NEAR SOUTH SIDE,2023-06,4
NEAR SOUTH SIDE,2023-07,1
NEAR WEST SIDE,2020-01,2
NEAR WEST SIDE,2020-07,36
NEAR WEST SIDE,2020-08,64
NEAR WEST SIDE,2020-09,94
NEAR WEST SIDE,2020-10,9
NEAR WEST SIDE,2020-11,413
NEAR WEST SIDE,2020-12,7
NEAR WEST SIDE,2021-01,76
NEAR WEST SIDE,2021-02,1
NEAR WEST SIDE,2021-03,66
NEAR WEST SIDE,2021-04,204
NEAR WEST SIDE,2021-05,21
NEAR WEST SIDE,2021-06,163
NEAR WEST SIDE,2021-07,193
NEAR WEST SIDE,2021-08,34
NEAR WEST SIDE,2021-09,227
NEAR WEST SIDE,2021-10,18
NEAR WEST SIDE,2021-11,3
NEAR WEST SIDE,2021-12,13
NEAR WEST SIDE,2022-01,123
NEAR WEST SIDE,2022-02,7
NEAR WEST SIDE,2022-03,7
NEAR WEST SIDE,2022-04,200
NEAR WEST SIDE,2022-05,89
NEAR WEST SIDE,2022-06,48
NEAR WEST SIDE,2022-07,68
NEAR WEST SIDE,2022-08,64
NEAR WEST SIDE,2022-09,306
NEAR WEST SIDE,2022-10,107
NEAR WEST SIDE,2022-11,61
NEAR WEST SIDE,2022-12,43
NEAR WEST SIDE,2023-01,144
NEAR WEST SIDE,2023-02,30
NEAR WEST SIDE,2023-03,129
NEAR WEST SIDE,2023-04,235
NEAR WEST SIDE,2023-05,105
NEAR WEST SIDE,2023-06,37
NEAR WEST SIDE,2023-09,5
NEW CITY,2020-07,44
NEW CITY,2020-08,72
NEW CITY,2020-09,17
NEW CITY,2020-10,11
NEW CITY,2020-11,41
NEW CITY,2020-12,19
NEW CITY,2021-01,41
NEW CITY,2021-02,1
NEW CITY,2021-03,10
NEW CITY,2021-04,34
NEW CITY,2021-05,4
NEW CITY,2021-06,29
NEW CITY,2021-07,24
NEW CITY,2021-08,58
NEW CITY,2021-09,66
NEW CITY,2021-10,47
NEW CITY,2021-11,47
NEW CITY,2021-12,62
NEW CITY,2022-01,59
NEW CITY,2022-02,8
NEW CITY,2022-03,5
NEW CITY,2022-04,100
NEW CITY,2022-05,6
NEW CITY,2022-06,47
NEW CITY,2022-07,78
NEW CITY,2022-08,36
NEW CITY,2022-09,84
NEW CITY,2022-10,40
NEW CITY,2022-11,46
NEW CITY,2022-12,42
NEW CITY,2023-01,93
NEW CITY,2023-02,18
NEW CITY,2023-03,44
NEW CITY,2023-04,82
NEW CITY,2023-05,1
NORTH CENTER,2020-07,12
NORTH CENTER,2020-09,7
NORTH CENTER,2020-10,5
NORTH CENTER,2020-11,6
NORTH CENTER,2020-12,2
NORTH CENTER,2021-01,4
NORTH CENTER,2021-04,11
NORTH CENTER,2021-06,22
NORTH CENTER,2021-07,1
NORTH CENTER,2021-08,1
NORTH CENTER,2021-09,27
NORTH CENTER,2021-10,2
NORTH CENTER,2021-12,1
NORTH CENTER,2022-01,36
NORTH CENTER,2022-04,38
NORTH CENTER,2022-05,1
NORTH CENTER,2022-06,9
NORTH CENTER,2022-07,7
NORTH CENTER,2022-08,5
NORTH CENTER,2022-09,36
NORTH CENTER,2022-10,2
NORTH CENTER,2023-01,35
NORTH CENTER,2023-04,36
NORTH CENTER,2023-05,3
NORTH LAWNDALE,2020-01,2
NORTH LAWNDALE,2020-07,40
NORTH LAWNDALE,2020-08,72
NORTH LAWNDALE,2020-09,22
NORTH LAWNDALE,2020-10,1
NORTH LAWNDALE,2020-11,27
NORTH LAWNDALE,2020-12,3
NORTH LAWNDALE,2021-01,50
NORTH LAWNDALE,2021-03,13
NORTH LAWNDALE,2021-04,47
NORTH LAWNDALE,2021-05,14
NORTH LAWNDALE,2021-06,35
NORTH LAWNDALE,2021-07,17
NORTH LAWNDALE,2021-08,41
NORTH LAWNDALE,2021-09,49
NORTH LAWNDALE,2021-10,4
NORTH LAWNDALE,2021-11,1
NORTH LAWNDALE,2021-12,12
NORTH LAWNDALE,2022-01,58
NORTH LAWNDALE,2022-02,15
NORTH LAWNDALE,2022-03,12
NORTH LAWNDALE,2022-04,77
NORTH LAWNDALE,2022-05,5
NORTH LAWNDALE,2022-06,37
NORTH LAWNDALE,2022-07,45
NORTH LAWNDALE,2022-08,28
NORTH LAWNDALE,2022-09,75
NORTH LAWNDALE,2022-10,21
NORTH LAWNDALE,2022-11,25
NORTH LAWNDALE,2022-12,19
NORTH LAWNDALE,2023-01,86
NORTH LAWNDALE,2023-02,10
NORTH LAWNDALE,2023-03,31
NORTH LAWNDALE,2023-04,64
NORTH PARK,2020-07,8
NORTH PARK,2020-09,16
NORTH PARK,2020-10,22
NORTH PARK,2020-11,35
NORTH PARK,2020-12,1
NORTH PARK,2021-01,35
NORTH PARK,2021-04,45
NORTH PARK,2021-05,14
NORTH PARK,2021-06,39
NORTH PARK,2021-07,30
NORTH PARK,2021-08,18
NORTH PARK,2021-09,91
NORTH PARK,2021-10,7
NORTH PARK,2021-12,1
NORTH PARK,2022-01,109
NORTH PARK,2022-04,89
NORTH PARK,2022-05,9
NORTH PARK,2022-06,26
NORTH PARK,2022-07,61
NORTH PARK,2022-08,28
NORTH PARK,2022-09,117
NORTH PARK,2022-10,26
NORTH PARK,2022-11,21
NORTH PARK,2022-12,12
NORTH PARK,2023-01,125
NORTH PARK,2023-02,16
NORTH PARK,2023-03,30
NORTH PARK,2023-04,115
NORWOOD PARK,2020-07,20
NORWOOD PARK,2020-09,18
NORWOOD PARK,2020-11,36
NORWOOD PARK,2020-12,2
NORWOOD PARK,2021-01,37
NORWOOD PARK,2021-04,49
NORWOOD PARK,2021-06,14
NORWOOD PARK,2021-07,5
NORWOOD PARK,2021-08,8
NORWOOD PARK,2021-09,94
NORWOOD PARK,2021-10,11
NORWOOD PARK,2021-11,5
NORWOOD PARK,2021-12,9
NORWOOD PARK,2022-01,125
NORWOOD PARK,2022-02,20
NORWOOD PARK,2022-03,4
NORWOOD PARK,2022-04,119
NORWOOD PARK,2022-05,11
NORWOOD PARK,2022-06,29
NORWOOD PARK,2022-07,54
NORWOOD PARK,2022-08,36
NORWOOD PARK,2022-09,136
NORWOOD PARK,2022-10,32
NORWOOD PARK,2022-11,31
NORWOOD PARK,2022-12,35
NORWOOD PARK,2023-01,139
NORWOOD PARK,2023-02,22
NORWOOD PARK,2023-03,40
NORWOOD PARK,2023-04,127
NORWOOD PARK,2023-05,7
OAKLAND,2020-06,2
OAKLAND,2020-07,144
OAKLAND,2020-08,224
OAKLAND,2020-09,44
OAKLAND,2020-10,5
OAKLAND,2020-11,104
OAKLAND,2020-12,8
OAKLAND,2021-01,151
OAKLAND,2021-03,12
OAKLAND,2021-04,166
OAKLAND,2021-05,2
OAKLAND,2021-06,81
OAKLAND,2021-07,33
OAKLAND,2021-08,84
OAKLAND,2021-09,133
OAKLAND,2021-10,14
OAKLAND,2021-11,9
OAKLAND,2021-12,15
OAKLAND,2022-01,220
OAKLAND,2022-02,47
OAKLAND,2022-03,43
OAKLAND,2022-04,200
OAKLAND,2022-05,23
OAKLAND,2022-06,85
OAKLAND,2022-07,176
OAKLAND,2022-08,127
OAKLAND,2022-09,224
OAKLAND,2022-10,105
OAKLAND,2022-11,46
OAKLAND,2022-12,49
OAKLAND,2023-01,269
OAKLAND,2023-02,45
OAKLAND,2023-03,60
OAKLAND,2023-04,230
OAKLAND,2023-05,2
OAKLAND,2023-06,2
OHARE,2021-03,2
OHARE,2022-07,3
PORTAGE PARK,2020-07,32
PORTAGE PARK,2020-08,1
PORTAGE PARK,2020-09,11
PORTAGE PARK,2020-10,2
PORTAGE PARK,2020-11,29
PORTAGE PARK,2021-01,35
PORTAGE PARK,2021-03,6
PORTAGE PARK,2021-04,43
PORTAGE PARK,2021-05,7
PORTAGE PARK,2021-06,28
PORTAGE PARK,2021-07,5
PORTAGE PARK,2021-08,6
PORTAGE PARK,2021-09,103
PORTAGE PARK,2021-10,6
PORTAGE PARK,2021-11,3
PORTAGE PARK,2021-12,4
PORTAGE PARK,2022-01,101
PORTAGE PARK,2022-02,3
PORTAGE PARK,2022-03,5
PORTAGE PARK,2022-04,99
PORTAGE PARK,2022-06,23
PORTAGE PARK,2022-07,71
PORTAGE PARK,2022-08,31
PORTAGE PARK,2022-09,111
PORTAGE PARK,2022-10,68
PORTAGE PARK,2022-11,29
PORTAGE PARK,2022-12,20
PORTAGE PARK,2023-01,122
PORTAGE PARK,2023-02,32
PORTAGE PARK,2023-03,34
PORTAGE PARK,2023-04,138
PULLMAN,2020-07,12
PULLMAN,2020-09,45
PULLMAN,2020-10,2
PULLMAN,2020-11,129
PULLMAN,2021-01,5
PULLMAN,2021-03,35
PULLMAN,2021-04,160
PULLMAN,2021-05,118
PULLMAN,2021-06,175
PULLMAN,2021-07,151
PULLMAN,2021-08,117
PULLMAN,2021-09,77
PULLMAN,2021-10,1
PULLMAN,2021-11,3
PULLMAN,2021-12,2
PULLMAN,2022-01,102
PULLMAN,2022-02,174
PULLMAN,2022-03,124
PULLMAN,2022-04,197
PULLMAN,2022-05,141
PULLMAN,2022-06,3
PULLMAN,2022-07,11
PULLMAN,2022-08,4
PULLMAN,2022-09,217
PULLMAN,2022-10,140
PULLMAN,2022-11,25
PULLMAN,2022-12,1
PULLMAN,2023-01,8
PULLMAN,2023-03,62
PULLMAN,2023-04,244
PULLMAN,2023-05,210
PULLMAN,2023-06,56
RIVERDALE,2020-07,16
RIVERDALE,2020-09,16
RIVERDALE,2020-11,7
RIVERDALE,2021-01,10
RIVERDALE,2021-04,10
RIVERDALE,2021-06,13
RIVERDALE,2021-07,7
RIVERDALE,2021-08,13
RIVERDALE,2021-09,13
RIVERDALE,2021-10,7
RIVERDALE,2021-11,8
RIVERDALE,2021-12,6
RIVERDALE,2022-01,22
RIVERDALE,2022-04,15
RIVERDALE,2022-06,6
RIVERDALE,2022-07,14
RIVERDALE,2022-08,19
RIVERDALE,2022-09,18
RIVERDALE,2022-10,6
RIVERDALE,2022-11,17
RIVERDALE,2022-12,9
RIVERDALE,2023-01,18
RIVERDALE,2023-02,4
RIVERDALE,2023-03,2
RIVERDALE,2023-04,18
ROGERS PARK,2020-07,28
ROGERS PARK,2020-08,48
ROGERS PARK,2020-09,13
ROGERS PARK,2020-10,2
ROGERS PARK,2020-11,27
ROGERS PARK,2021-01,25
ROGERS PARK,2021-04,42
ROGERS PARK,2021-05,4
ROGERS PARK,2021-06,28
ROGERS PARK,2021-07,6
ROGERS PARK,2021-08,24
ROGERS PARK,2021-09,63
ROGERS PARK,2021-10,2
ROGERS PARK,2021-11,7
ROGERS PARK,2021-12,2
ROGERS PARK,2022-01,96
ROGERS PARK,2022-04,100
ROGERS PARK,2022-05,1
ROGERS PARK,2022-06,32
ROGERS PARK,2022-07,49
ROGERS PARK,2022-08,28
ROGERS PARK,2022-09,110
ROGERS PARK,2022-10,24
ROGERS PARK,2022-11,29
ROGERS PARK,2022-12,24
ROGERS PARK,2023-01,109
ROGERS PARK,2023-02,20
ROGERS PARK,2023-03,36
ROGERS PARK,2023-04,114
ROGERS PARK,2023-05,1
ROSELAND,2020-06,1
ROSELAND,2020-07,40
ROSELAND,2020-08,6
ROSELAND,2020-09,18
ROSELAND,2020-10,4
ROSELAND,2020-11,32
ROSELAND,2020-12,25
ROSELAND,2021-01,55
ROSELAND,2021-03,6
ROSELAND,2021-04,53
ROSELAND,2021-05,1
ROSELAND,2021-06,36
ROSELAND,2021-07,17
ROSELAND,2021-08,25
ROSELAND,2021-09,56
ROSELAND,2021-10,7
ROSELAND,2021-11,3
ROSELAND,2021-12,14
ROSELAND,2022-01,90
ROSELAND,2022-02,13
ROSELAND,2022-03,5
ROSELAND,2022-04,74
ROSELAND,2022-05,2
ROSELAND,2022-06,30
ROSELAND,2022-07,67
ROSELAND,2022-08,45
ROSELAND,2022-09,86
ROSELAND,2022-10,26
ROSELAND,2022-11,5
ROSELAND,2022-12,7
ROSELAND,2023-01,63
ROSELAND,2023-02,2
ROSELAND,2023-03,1
ROSELAND,2023-04,47
SOUTH CHICAGO,2020-07,32
SOUTH CHICAGO,2020-09,5
SOUTH CHICAGO,2020-10,2
SOUTH CHICAGO,2020-11,8
SOUTH CHICAGO,2021-01,11
SOUTH CHICAGO,2021-03,1
SOUTH CHICAGO,2021-04,18
SOUTH CHICAGO,2021-06,24
SOUTH CHICAGO,2021-07,12
SOUTH CHICAGO,2021-08,15
SOUTH CHICAGO,2021-09,12
SOUTH CHICAGO,2021-10,11
SOUTH CHICAGO,2021-11,11
SOUTH CHICAGO,2021-12,12
SOUTH CHICAGO,2022-01,50
SOUTH CHICAGO,2022-02,23
SOUTH CHICAGO,2022-03,20
SOUTH CHICAGO,2022-04,50
SOUTH CHICAGO,2022-05,8
SOUTH CHICAGO,2022-06,34
SOUTH CHICAGO,2022-07,57
SOUTH CHICAGO,2022-08,38
SOUTH CHICAGO,2022-09,32
SOUTH CHICAGO,2022-10,19
SOUTH CHICAGO,2022-11,14
SOUTH CHICAGO,2022-12,21
SOUTH CHICAGO,2023-01,42
SOUTH CHICAGO,2023-02,6
SOUTH CHICAGO,2023-03,11
SOUTH CHICAGO,2023-04,40
SOUTH CHICAGO,2023-06,1
SOUTH DEERING,2020-07,12
SOUTH DEERING,2020-09,8
SOUTH DEERING,2020-11,7
SOUTH DEERING,2020-12,4
SOUTH DEERING,2021-01,13
SOUTH DEERING,2021-03,5
SOUTH DEERING,2021-04,14
SOUTH DEERING,2021-05,4
SOUTH DEERING,2021-06,14
SOUTH DEERING,2021-07,3
SOUTH DEERING,2021-08,12
SOUTH DEERING,2021-09,23
SOUTH DEERING,2021-10,1
SOUTH DEERING,2021-11,2
SOUTH DEERING,2022-01,28
SOUTH DEERING,2022-02,5
SOUTH DEERING,2022-04,26
SOUTH DEERING,2022-05,19
SOUTH DEERING,2022-06,21
SOUTH DEERING,2022-07,30
SOUTH DEERING,2022-08,25
SOUTH DEERING,2022-09,41
SOUTH DEERING,2022-10,15
SOUTH DEERING,2022-11,17
SOUTH DEERING,2022-12,16
SOUTH DEERING,2023-01,40
SOUTH DEERING,2023-02,11
SOUTH DEERING,2023-03,4
SOUTH DEERING,2023-04,33
SOUTH DEERING,2023-05,6
SOUTH LAWNDALE,2020-07,24
SOUTH LAWNDALE,2020-08,40
SOUTH LAWNDALE,2020-09,29
SOUTH LAWNDALE,2020-10,13
SOUTH LAWNDALE,2020-11,31
SOUTH LAWNDALE,2020-12,16
SOUTH LAWNDALE,2021-01,29
SOUTH LAWNDALE,2021-03,3
SOUTH LAWNDALE,2021-04,20
SOUTH LAWNDALE,2021-06,15
SOUTH LAWNDALE,2021-07,8
SOUTH LAWNDALE,2021-08,35
SOUTH LAWNDALE,2021-09,25
SOUTH LAWNDALE,2021-10,19
SOUTH LAWNDALE,2021-11,18
SOUTH LAWNDALE,2021-12,16
SOUTH LAWNDALE,2022-01,54
SOUTH LAWNDALE,2022-02,5
SOUTH LAWNDALE,2022-03,1
SOUTH LAWNDALE,2022-04,42
SOUTH LAWNDALE,2022-06,11
SOUTH LAWNDALE,2022-07,50
SOUTH LAWNDALE,2022-08,30
SOUTH LAWNDALE,2022-09,47
SOUTH LAWNDALE,2022-10,15
SOUTH LAWNDALE,2022-11,22
SOUTH LAWNDALE,2022-12,21
SOUTH LAWNDALE,2023-01,49
SOUTH LAWNDALE,2023-02,8
SOUTH LAWNDALE,2023-03,13
SOUTH LAWNDALE,2023-04,45
SOUTH SHORE,2020-07,36
SOUTH SHORE,2020-08,48
SOUTH SHORE,2020-09,14
SOUTH SHORE,2020-11,23
SOUTH SHORE,2020-12,1
SOUTH SHORE,2021-01,36
SOUTH SHORE,2021-03,1
SOUTH SHORE,2021-04,22
SOUTH SHORE,2021-06,17
SOUTH SHORE,2021-07,4
SOUTH SHORE,2021-08,8
SOUTH SHORE,2021-09,31
SOUTH SHORE,2021-10,4
SOUTH SHORE,2021-11,2
SOUTH SHORE,2021-12,3
SOUTH SHORE,2022-01,59
SOUTH SHORE,2022-02,3
SOUTH SHORE,2022-04,63
SOUTH SHORE,2022-05,8
SOUTH SHORE,2022-06,5
SOUTH SHORE,2022-07,27
SOUTH SHORE,2022-08,27
SOUTH SHORE,2022-09,59
SOUTH SHORE,2022-10,2
SOUTH SHORE,2022-12,5
SOUTH SHORE,2023-01,77
SOUTH SHORE,2023-02,6
SOUTH SHORE,2023-03,3
SOUTH SHORE,2023-04,62
UPTOWN,2020-07,28
UPTOWN,2020-08,32
UPTOWN,2020-09,3
UPTOWN,2020-10,1
UPTOWN,2020-11,7
UPTOWN,2020-12,4
UPTOWN,2021-01,7
UPTOWN,2021-04,14
UPTOWN,2021-06,23
UPTOWN,2021-07,4
UPTOWN,2021-08,13
UPTOWN,2021-09,37
UPTOWN,2021-10,7
UPTOWN,2021-11,4
UPTOWN,2021-12,4
UPTOWN,2022-01,49
UPTOWN,2022-02,5
UPTOWN,2022-03,6
UPTOWN,2022-04,37
UPTOWN,2022-05,1
UPTOWN,2022-06,15
UPTOWN,2022-07,62
UPTOWN,2022-08,32
UPTOWN,2022-09,38
UPTOWN,2022-10,18
UPTOWN,2022-11,30
UPTOWN,2022-12,31
UPTOWN,2023-01,62
UPTOWN,2023-02,53
UPTOWN,2023-03,72
UPTOWN,2023-04,82
UPTOWN,2023-05,1
WASHINGTON HEIGHTS,2020-07,32
WASHINGTON HEIGHTS,2020-08,2
WASHINGTON HEIGHTS,2020-09,10
WASHINGTON HEIGHTS,2020-10,1
WASHINGTON HEIGHTS,2020-11,14
WASHINGTON HEIGHTS,2021-01,17
WASHINGTON HEIGHTS,2021-03,6
WASHINGTON HEIGHTS,2021-04,22
WASHINGTON HEIGHTS,2021-06,15
WASHINGTON HEIGHTS,2021-07,3
WASHINGTON HEIGHTS,2021-08,14
WASHINGTON HEIGHTS,2021-09,33
WASHINGTON HEIGHTS,2021-10,5
WASHINGTON HEIGHTS,2021-11,7
WASHINGTON HEIGHTS,2021-12,16
WASHINGTON HEIGHTS,2022-01,52
WASHINGTON HEIGHTS,2022-02,13
WASHINGTON HEIGHTS,2022-03,7
WASHINGTON HEIGHTS,2022-04,47
WASHINGTON HEIGHTS,2022-05,2
WASHINGTON HEIGHTS,2022-06,30
WASHINGTON HEIGHTS,2022-07,48
WASHINGTON HEIGHTS,2022-08,55
WASHINGTON HEIGHTS,2022-09,62
WASHINGTON HEIGHTS,2022-10,64
WASHINGTON HEIGHTS,2022-11,49
WASHINGTON HEIGHTS,2022-12,31
WASHINGTON HEIGHTS,2023-01,62
WASHINGTON HEIGHTS,2023-02,43
WASHINGTON HEIGHTS,2023-03,23
WASHINGTON HEIGHTS,2023-04,72
WASHINGTON PARK,2020-07,16
WASHINGTON PARK,2020-08,24
WASHINGTON PARK,2020-09,8
WASHINGTON PARK,2020-10,2
WASHINGTON PARK,2020-11,22
WASHINGTON PARK,2020-12,1
WASHINGTON PARK,2021-01,35
WASHINGTON PARK,2021-04,31
WASHINGTON PARK,2021-06,14
WASHINGTON PARK,2021-07,7
WASHINGTON PARK,2021-08,4
WASHINGTON PARK,2021-09,21
WASHINGTON PARK,2021-10,1
WASHINGTON PARK,2021-11,2
WASHINGTON PARK,2022-01,28
WASHINGTON PARK,2022-04,12
WASHINGTON PARK,2022-06,1
WASHINGTON PARK,2022-07,15
WASHINGTON PARK,2022-08,11
WASHINGTON PARK,2022-09,26
WASHINGTON PARK,2022-10,7
WASHINGTON PARK,2023-01,27
WASHINGTON PARK,2023-04,13
WEST ELSDON,2020-09,6
WEST ELSDON,2020-11,17
WEST ELSDON,2021-01,7
WEST ELSDON,2021-04,16
WEST ELSDON,2021-06,3
WEST ELSDON,2021-07,3
WEST ELSDON,2021-08,6
WEST ELSDON,2021-09,28
WEST ELSDON,2021-10,5
WEST ELSDON,2022-01,24
WEST ELSDON,2022-04,26
WEST ELSDON,2022-05,1
WEST ELSDON,2022-06,2
WEST ELSDON,2022-07,2
WEST ELSDON,2022-08,3
WEST ELSDON,2022-09,21
WEST ELSDON,2022-10,5
WEST ELSDON,2023-01,24
WEST ELSDON,2023-04,31
WEST ELSDON,2023-05,1
WEST ENGLEWOOD,2020-07,24
WEST ENGLEWOOD,2020-08,14
WEST ENGLEWOOD,2020-09,10
WEST ENGLEWOOD,2020-10,2
WEST ENGLEWOOD,2020-11,14
WEST ENGLEWOOD,2021-01,19
WEST ENGLEWOOD,2021-04,28
WEST ENGLEWOOD,2021-06,24
WEST ENGLEWOOD,2021-07,7
WEST ENGLEWOOD,2021-08,27
WEST ENGLEWOOD,2021-09,34
WEST ENGLEWOOD,2021-10,2
WEST ENGLEWOOD,2021-11,2
WEST ENGLEWOOD,2021-12,2
WEST ENGLEWOOD,2022-01,38
WEST ENGLEWOOD,2022-02,3
WEST ENGLEWOOD,2022-03,4
WEST ENGLEWOOD,2022-04,26
WEST ENGLEWOOD,2022-06,7
WEST ENGLEWOOD,2022-07,35
WEST ENGLEWOOD,2022-08,40
WEST ENGLEWOOD,2022-09,36
WEST ENGLEWOOD,2022-10,3
WEST ENGLEWOOD,2022-11,3
WEST ENGLEWOOD,2022-12,5
WEST ENGLEWOOD,2023-01,41
WEST ENGLEWOOD,2023-02,1
WEST ENGLEWOOD,2023-03,10
WEST ENGLEWOOD,2023-04,36
WEST ENGLEWOOD,2023-05,1
WEST GARFIELD PARK,2020-07,16
WEST GARFIELD PARK,2020-08,24
WEST GARFIELD PARK,2020-09,16
WEST GARFIELD PARK,2020-11,15
WEST GARFIELD PARK,2021-01,16
WEST GARFIELD PARK,2021-03,1
WEST GARFIELD PARK,2021-04,22
WEST GARFIELD PARK,2021-05,4
WEST GARFIELD PARK,2021-06,14
WEST GARFIELD PARK,2021-07,8
WEST GARFIELD PARK,2021-08,16
WEST GARFIELD PARK,2021-09,34
WEST GARFIELD PARK,2021-10,11
WEST GARFIELD PARK,2021-11,42
WEST GARFIELD PARK,2021-12,25
WEST GARFIELD PARK,2022-01,43
WEST GARFIELD PARK,2022-02,33
WEST GARFIELD PARK,2022-03,28
WEST GARFIELD PARK,2022-04,45
WEST GARFIELD PARK,2022-05,12
WEST GARFIELD PARK,2022-06,66
WEST GARFIELD PARK,2022-07,63
WEST GARFIELD PARK,2022-08,36
WEST GARFIELD PARK,2022-09,43
WEST GARFIELD PARK,2022-10,48
WEST GARFIELD PARK,2022-11,46
WEST GARFIELD PARK,2022-12,48
WEST GARFIELD PARK,2023-01,46
WEST GARFIELD PARK,2023-02,36
WEST GARFIELD PARK,2023-03,44
WEST GARFIELD PARK,2023-04,62
WEST GARFIELD PARK,2023-05,1
WEST LAWN,2020-07,12
WEST LAWN,2020-08,16
WEST LAWN,2020-09,8
WEST LAWN,2020-11,14
WEST LAWN,2020-12,1
WEST LAWN,2021-01,15
WEST LAWN,2021-03,2
WEST LAWN,2021-04,14
WEST LAWN,2021-05,2
WEST LAWN,2021-06,9
WEST LAWN,2021-08,13
WEST LAWN,2021-09,32
WEST LAWN,2021-10,6
WEST LAWN,2021-11,3
WEST LAWN,2022-01,43
WEST LAWN,2022-02,5
WEST LAWN,2022-03,6
WEST LAWN,2022-04,48
WEST LAWN,2022-05,8
WEST LAWN,2022-06,31
WEST LAWN,2022-07,49
WEST LAWN,2022-08,39
WEST LAWN,2022-09,54
WEST LAWN,2022-10,28
WEST LAWN,2022-11,6
WEST LAWN,2022-12,11
WEST LAWN,2023-01,46
WEST LAWN,2023-02,6
WEST LAWN,2023-03,11
WEST LAWN,2023-04,52
WEST LAWN,2023-05,2
WEST PULLMAN,2020-07,16
WEST PULLMAN,2020-08,3
WEST PULLMAN,2020-09,10
WEST PULLMAN,2020-10,1
WEST PULLMAN,2020-11,15
WEST PULLMAN,2021-01,25
WEST PULLMAN,2021-03,1
WEST PULLMAN,2021-04,26
WEST PULLMAN,2021-05,2
WEST PULLMAN,2021-06,9
WEST PULLMAN,2021-07,12
WEST PULLMAN,2021-08,14
WEST PULLMAN,2021-09,23
WEST PULLMAN,2021-10,2
WEST PULLMAN,2021-11,1
WEST PULLMAN,2021-12,6
WEST PULLMAN,2022-01,41
WEST PULLMAN,2022-03,3
WEST PULLMAN,2022-04,25
WEST PULLMAN,2022-05,6
WEST PULLMAN,2022-06,15
WEST PULLMAN,2022-07,37
WEST PULLMAN,2022-08,19
WEST PULLMAN,2022-09,49
WEST PULLMAN,2022-10,6
WEST PULLMAN,2022-11,5
WEST PULLMAN,2022-12,8
WEST PULLMAN,2023-01,70
WEST PULLMAN,2023-02,13
WEST PULLMAN,2023-03,27
WEST PULLMAN,2023-04,72
WEST RIDGE,2020-07,32
WEST RIDGE,2020-08,64
WEST RIDGE,2020-09,8
WEST RIDGE,2020-11,31
WEST RIDGE,2020-12,11
WEST RIDGE,2021-01,46
WEST RIDGE,2021-02,1
WEST RIDGE,2021-04,63
WEST RIDGE,2021-06,13
WEST RIDGE,2021-07,6
WEST RIDGE,2021-08,25
WEST RIDGE,2021-09,39
WEST RIDGE,2021-10,4
WEST RIDGE,2021-11,7
WEST RIDGE,2021-12,9
WEST RIDGE,2022-01,56
WEST RIDGE,2022-02,5
WEST RIDGE,2022-04,50
WEST RIDGE,2022-05,4
WEST RIDGE,2022-06,28
WEST RIDGE,2022-07,66
WEST RIDGE,2022-08,42
WEST RIDGE,2022-09,103
WEST RIDGE,2022-10,38
WEST RIDGE,2022-11,27
WEST RIDGE,2022-12,26
WEST RIDGE,2023-01,88
WEST RIDGE,2023-02,8
WEST RIDGE,2023-03,22
WEST RIDGE,2023-04,61
WEST RIDGE,2023-05,2
WEST RIDGE,2023-06,1
WEST TOWN,2020-07,80
WEST TOWN,2020-08,153
WEST TOWN,2020-09,42
WEST TOWN,2020-11,76
WEST TOWN,2020-12,2
WEST TOWN,2021-01,92
WEST TOWN,2021-03,5
WEST TOWN,2021-04,116
WEST TOWN,2021-05,1
WEST TOWN,2021-06,66
WEST TOWN,2021-07,12
WEST TOWN,2021-08,44
WEST TOWN,2021-09,158
WEST TOWN,2021-10,29
WEST TOWN,2021-11,2
WEST TOWN,2021-12,5
WEST TOWN,2022-01,117
WEST TOWN,2022-02,2
WEST TOWN,2022-03,2
WEST TOWN,2022-04,111
WEST TOWN,2022-05,6
WEST TOWN,2022-06,31
WEST TOWN,2022-07,67
WEST TOWN,2022-08,32
WEST TOWN,2022-09,126
WEST TOWN,2022-10,28
WEST TOWN,2022-11,7
WEST TOWN,2022-12,14
WEST TOWN,2023-01,151
WEST TOWN,2023-02,6
WEST TOWN,2023-03,13
WEST TOWN,2023-04,168
WEST TOWN,2023-05,5
WOODLAWN,2020-07,24
WOODLAWN,2020-08,48
WOODLAWN,2020-09,18
WOODLAWN,2020-11,13
WOODLAWN,2021-01,36
WOODLAWN,2021-04,26
WOODLAWN,2021-05,2
WOODLAWN,2021-06,11
WOODLAWN,2021-07,4
WOODLAWN,2021-08,8
WOODLAWN,2021-09,16
WOODLAWN,2021-11,1
WOODLAWN,2022-01,39
WOODLAWN,2022-02,8
WOODLAWN,2022-03,3
WOODLAWN,2022-04,57
WOODLAWN,2022-05,7
WOODLAWN,2022-06,16
WOODLAWN,2022-07,22
WOODLAWN,2022-08,24
WOODLAWN,2022-09,49
WOODLAWN,2022-10,9
WOODLAWN,2022-11,1
WOODLAWN,2022-12,12
WOODLAWN,2023-01,38
WOODLAWN,2023-02,2
WOODLAWN,2023-04,15
